Accession	Start	End	Coverage	Norm_Median	Smooth_Median	Structure	Overlap_bp	Window_Size	Repeat_fraction	Repeat_Category	Sample
VNI_CP003820.1	0	1900	137.07	1.95	1.93	Duplication	0	1900	0.0	Structural variant	PMY3461
VNI_CP003820.1	0	2000	106.05	2.72	2.69	Duplication	0	2000	0.0	Structural variant	PMY3530
VNI_CP003820.1	0	2000	135.29	2.08	2.01	Duplication	0	2000	0.0	Structural variant	PMY3488
VNI_CP003820.1	0	2000	139.31	2.71	2.58	Duplication	0	2000	0.0	Structural variant	PMY3449
VNI_CP003820.1	0	2100	122.15	2.64	2.57	Duplication	0	2100	0.0	Structural variant	PMY3529
VNI_CP003820.1	0	2100	144.12	2.67	2.58	Duplication	0	2100	0.0	Structural variant	PMY3531
VNI_CP003820.1	0	2200	169.23	3.7	3.57	Duplication	0	2200	0.0	Structural variant	PMY3612
VNI_CP003820.1	0	2200	205.42	3.52	3.47	Duplication	0	2200	0.0	Structural variant	PMY3492
VNI_CP003820.1	0	2200	234.88	4.13	4.08	Duplication	0	2200	0.0	Structural variant	PMY3447
VNI_CP003820.1	0	2200	235.92	5.5	5.34	Duplication	0	2200	0.0	Structural variant	PMY3625
VNI_CP003820.1	0	2200	240.56	6.45	6.26	Duplication	0	2200	0.0	Structural variant	PMY3619
VNI_CP003820.1	0	2200	240.96	5.47	5.28	Duplication	0	2200	0.0	Structural variant	PMY3623
VNI_CP003820.1	0	2200	264.2	6.26	6.08	Duplication	0	2200	0.0	Structural variant	PMY3609
VNI_CP003820.1	0	2200	274.3	6.21	5.96	Duplication	0	2200	0.0	Structural variant	PMY3621
VNI_CP003820.1	0	2200	278.71	6.34	6.15	Duplication	0	2200	0.0	Structural variant	PMY3615
VNI_CP003820.1	0	2200	280.25	6.24	6.07	Duplication	0	2200	0.0	Structural variant	PMY3617
VNI_CP003820.1	0	2200	286.68	4.36	4.29	Duplication	0	2200	0.0	Structural variant	PMY3521
VNI_CP003820.1	0	2200	294.12	6.23	6.06	Duplication	0	2200	0.0	Structural variant	PMY3610
VNI_CP003820.1	0	2200	302.4	6.08	5.99	Duplication	0	2200	0.0	Structural variant	PMY3613
VNI_CP003820.1	0	2200	317.81	5.02	5.08	Duplication	0	2200	0.0	Structural variant	PMY3485
VNI_CP003820.1	0	2200	318.18	5.06	5.08	Duplication	0	2200	0.0	Structural variant	PMY3420
VNI_CP003820.1	0	2200	318.91	5.99	5.94	Duplication	0	2200	0.0	Structural variant	PMY3426
VNI_CP003820.1	0	2200	345.12	6.56	6.35	Duplication	0	2200	0.0	Structural variant	PMY3480
VNI_CP003820.1	0	2200	345.42	5.12	5.05	Duplication	0	2200	0.0	Structural variant	PMY3424
VNI_CP003820.1	0	2200	347.14	4.31	4.23	Duplication	0	2200	0.0	Structural variant	PMY3462
VNI_CP003820.1	0	2200	351.23	5.94	5.75	Duplication	0	2200	0.0	Structural variant	PMY3419
VNI_CP003820.1	0	2200	359.0	6.38	6.32	Duplication	0	2200	0.0	Structural variant	PMY3458
VNI_CP003820.1	0	2200	381.12	5.78	5.72	Duplication	0	2200	0.0	Structural variant	PMY3413
VNI_CP003820.1	0	2200	393.9	5.74	5.49	Duplication	0	2200	0.0	Structural variant	PMY3415
VNI_CP003820.1	0	2200	404.77	5.94	5.95	Duplication	0	2200	0.0	Structural variant	PMY3425
VNI_CP003820.1	0	2200	451.73	5.87	5.61	Duplication	0	2200	0.0	Structural variant	PMY3422
VNI_CP003820.1	0	2200	603.8	6.05	5.97	Duplication	0	2200	0.0	Structural variant	PMY3477
VNI_CP003820.1	0	2300	177.46	5.35	5.25	Duplication	0	2300	0.0	Structural variant	PMY3523
VNI_CP003820.1	0	2300	211.35	5.68	5.48	Duplication	0	2300	0.0	Structural variant	PMY3519
VNI_CP003820.1	0	2300	213.76	7.08	7.1	Duplication	0	2300	0.0	Structural variant	PMY3540
VNI_CP003820.1	0	2300	232.15	6.21	5.8	Duplication	0	2300	0.0	Structural variant	PMY3616
VNI_CP003820.1	0	2300	235.32	6.43	6.16	Duplication	0	2300	0.0	Structural variant	PMY3614
VNI_CP003820.1	0	2300	270.15	6.16	6.15	Duplication	0	2300	0.0	Structural variant	PMY3620
VNI_CP003820.1	0	2300	280.0	6.32	6.19	Duplication	0	2300	0.0	Structural variant	PMY3611
VNI_CP003820.1	0	2300	297.53	5.62	5.6	Duplication	0	2300	0.0	Structural variant	PMY3416
VNI_CP003820.1	0	2300	301.43	5.69	5.46	Duplication	0	2300	0.0	Structural variant	PMY3417
VNI_CP003820.1	0	2300	305.82	5.11	5.01	Duplication	0	2300	0.0	Structural variant	PMY3489
VNI_CP003820.1	0	2300	309.36	5.97	5.96	Duplication	0	2300	0.0	Structural variant	PMY3421
VNI_CP003820.1	0	2300	310.08	6.42	6.43	Duplication	0	2300	0.0	Structural variant	PMY3522
VNI_CP003820.1	0	2300	312.99	5.67	5.4	Duplication	0	2300	0.0	Structural variant	PMY3520
VNI_CP003820.1	0	2300	318.14	4.94	4.95	Duplication	0	2300	0.0	Structural variant	PMY3558
VNI_CP003820.1	0	2300	325.57	5.12	5.07	Duplication	0	2300	0.0	Structural variant	PMY3541
VNI_CP003820.1	0	2300	332.84	8.08	7.59	Duplication	0	2300	0.0	Structural variant	PMY3629
VNI_CP003820.1	0	2300	351.12	5.45	5.31	Duplication	0	2300	0.0	Structural variant	PMY3524
VNI_CP003820.1	0	2300	356.08	4.97	4.84	Duplication	0	2300	0.0	Structural variant	PMY3427
VNI_CP003820.1	0	2300	363.66	5.44	5.43	Duplication	0	2300	0.0	Structural variant	PMY3412
VNI_CP003820.1	0	2300	365.15	7.77	7.67	Duplication	0	2300	0.0	Structural variant	PMY3554
VNI_CP003820.1	0	2300	374.74	7.9	7.62	Duplication	0	2300	0.0	Structural variant	PMY3474
VNI_CP003820.1	0	2300	402.13	7.62	7.38	Duplication	0	2300	0.0	Structural variant	PMY3443
VNI_CP003820.1	0	2300	417.48	9.39	9.38	Duplication	0	2300	0.0	Structural variant	PMY3630
VNI_CP003820.1	0	2300	441.84	5.7	5.68	Duplication	0	2300	0.0	Structural variant	PMY3418
VNI_CP003820.1	0	2300	442.03	7.13	6.98	Duplication	0	2300	0.0	Structural variant	PMY3568
VNI_CP003820.1	0	2300	448.8	8.23	8.12	Duplication	0	2300	0.0	Structural variant	PMY3517
VNI_CP003820.1	0	2300	463.2	8.26	8.09	Duplication	0	2300	0.0	Structural variant	PMY3466
VNI_CP003820.1	0	2300	476.49	6.6	6.56	Duplication	0	2300	0.0	Structural variant	PMY3414
VNI_CP003820.1	0	2300	513.45	6.91	6.99	Duplication	0	2300	0.0	Structural variant	PMY3446
VNI_CP003820.1	0	2400	1213.35	23.05	22.98	Duplication	0	2400	0.0	Structural variant	PMY3533
VNI_CP003820.1	0	2400	318.18	8.53	8.42	Duplication	0	2400	0.0	Structural variant	PMY3567
VNI_CP003820.1	0	2400	322.8	7.3	7.3	Duplication	0	2400	0.0	Structural variant	PMY3550
VNI_CP003820.1	0	2400	355.11	9.92	9.57	Duplication	0	2400	0.0	Structural variant	PMY3538
VNI_CP003820.1	0	2400	388.38	7.87	7.81	Duplication	0	2400	0.0	Structural variant	PMY3553
VNI_CP003820.1	0	2400	390.44	8.42	8.37	Duplication	0	2400	0.0	Structural variant	PMY3578
VNI_CP003820.1	0	2400	436.96	8.35	8.25	Duplication	0	2400	0.0	Structural variant	PMY3491
VNI_CP003820.1	0	2400	439.29	8.94	8.86	Duplication	0	2400	0.0	Structural variant	PMY3539
VNI_CP003820.1	0	2400	523.6	10.81	10.83	Duplication	0	2400	0.0	Structural variant	PMY3486
VNI_CP003820.1	0	2400	538.2	8.1	8.16	Duplication	0	2400	0.0	Structural variant	PMY3518
VNI_CP003820.1	0	2400	555.13	10.2	10.24	Duplication	0	2400	0.0	Structural variant	PMY3580
VNI_CP003820.1	0	2400	589.09	11.38	11.34	Duplication	0	2400	0.0	Structural variant	PMY3390
VNI_CP003820.1	0	2400	641.24	9.98	10.01	Duplication	0	2400	0.0	Structural variant	PMY3487
VNI_CP003820.1	0	2400	655.28	11.16	11.02	Duplication	0	2400	0.0	Structural variant	PMY3389
VNI_CP003820.1	0	2400	660.5	17.06	17.06	Duplication	0	2400	0.0	Structural variant	PMY3451
VNI_CP003820.1	0	2400	679.53	9.56	9.73	Duplication	0	2400	0.0	Structural variant	PMY3579
VNI_CP003820.1	0	2400	792.15	12.49	12.03	Duplication	0	2400	0.0	Structural variant	PMY3509
VNI_CP003820.1	0	2400	833.72	11.99	11.86	Duplication	0	2400	0.0	Structural variant	PMY3510
VNI_CP003820.1	0	2400	864.72	14.36	14.14	Duplication	0	2400	0.0	Structural variant	PMY3478
VNI_CP003820.1	0	2400	979.89	22.78	22.7	Duplication	0	2400	0.0	Structural variant	PMY3532
VNI_CP003820.1	800	2200	208.22	5.23	3.01	Duplication	0	1400	0.0	Structural variant	PMY3455
VNI_CP003820.1	800	2300	323.55	4.57	2.76	Duplication	0	1500	0.0	Structural variant	PMY3469
VNI_CP003820.1	900	2200	241.49	3.99	2.06	Duplication	0	1300	0.0	Structural variant	PMY3482
VNI_CP003820.1	41600	41700	58.18	1.75	1.61	Duplication	0	100	0.0	Structural variant	PMY3523
VNI_CP003820.1	41800	45800	54.88	1.66	1.69	Duplication	85	4000	0.02	Structural variant	PMY3523
VNI_CP003820.1	59800	60800	58.65	1.77	1.62	Duplication	31	1000	0.03	Structural variant	PMY3523
VNI_CP003820.1	63000	63700	51.15	1.54	1.64	Duplication	125	700	0.18	Structural variant	PMY3523
VNI_CP003820.1	91700	93700	58.14	1.75	1.72	Duplication	0	2000	0.0	Structural variant	PMY3523
VNI_CP003820.1	92700	93000	92.97	1.41	1.63	Duplication	0	300	0.0	Structural variant	PMY3521
VNI_CP003820.1	96700	96900	50.85	1.53	1.64	Duplication	29	200	0.14	Structural variant	PMY3523
VNI_CP003820.1	97000	97700	54.79	1.65	1.64	Duplication	0	700	0.0	Structural variant	PMY3523
VNI_CP003820.1	105900	108100	57.03	1.72	1.66	Duplication	0	2200	0.0	Structural variant	PMY3523
VNI_CP003820.1	106200	106600	105.7	1.61	1.62	Duplication	0	400	0.0	Structural variant	PMY3521
VNI_CP003820.1	106700	108100	113.46	1.73	1.64	Duplication	0	1400	0.0	Structural variant	PMY3521
VNI_CP003820.1	119500	122800	55.01	1.66	1.65	Duplication	30	3300	0.01	Structural variant	PMY3523
VNI_CP003820.1	121800	122000	77.14	1.6	1.64	Duplication	0	200	0.0	Structural variant	PMY3522
VNI_CP003820.1	153500	154400	49.1	1.48	1.68	Duplication	31	900	0.03	Structural variant	PMY3523
VNI_CP003820.1	156500	157300	73.55	1.52	1.64	Duplication	0	800	0.0	Structural variant	PMY3522
VNI_CP003820.1	156700	158600	60.27	1.82	1.7	Duplication	0	1900	0.0	Structural variant	PMY3523
VNI_CP003820.1	156900	157900	118.54	1.81	1.64	Duplication	0	1000	0.0	Structural variant	PMY3521
VNI_CP003820.1	160500	161700	53.08	1.6	1.63	Duplication	0	1200	0.0	Structural variant	PMY3523
VNI_CP003820.1	167100	172400	60.18	1.81	1.8	Duplication	0	5300	0.0	Structural variant	PMY3523
VNI_CP003820.1	168900	170100	83.71	1.73	1.62	Duplication	0	1200	0.0	Structural variant	PMY3522
VNI_CP003820.1	168900	170200	113.85	1.73	1.72	Duplication	0	1300	0.0	Structural variant	PMY3521
VNI_CP003820.1	170400	170800	117.58	1.79	1.65	Duplication	0	400	0.0	Structural variant	PMY3521
VNI_CP003820.1	179200	181200	56.1	1.69	1.67	Duplication	0	2000	0.0	Structural variant	PMY3523
VNI_CP003820.1	195200	197600	61.7	1.86	1.77	Duplication	147	2400	0.06	Structural variant	PMY3523
VNI_CP003820.1	200700	201600	49.77	1.5	1.63	Duplication	0	900	0.0	Structural variant	PMY3523
VNI_CP003820.1	201700	201900	63.42	1.91	1.61	Duplication	0	200	0.0	Structural variant	PMY3523
VNI_CP003820.1	202400	203600	52.97	1.6	1.65	Duplication	0	1200	0.0	Structural variant	PMY3523
VNI_CP003820.1	228300	230100	55.84	1.68	1.63	Duplication	0	1800	0.0	Structural variant	PMY3523
VNI_CP003820.1	237600	240200	60.27	1.82	1.77	Duplication	0	2600	0.0	Structural variant	PMY3523
VNI_CP003820.1	238500	238800	112.15	1.71	1.61	Duplication	0	300	0.0	Structural variant	PMY3521
VNI_CP003820.1	245300	245500	50.23	1.52	1.61	Duplication	0	200	0.0	Structural variant	PMY3523
VNI_CP003820.1	248900	249100	63.72	1.92	1.65	Duplication	0	200	0.0	Structural variant	PMY3523
VNI_CP003820.1	249400	250700	51.65	1.56	1.64	Duplication	0	1300	0.0	Structural variant	PMY3523
VNI_CP003820.1	253500	255400	122.08	1.86	1.76	Duplication	55	1900	0.03	Structural variant	PMY3521
VNI_CP003820.1	253700	255200	90.4	1.87	1.66	Duplication	55	1500	0.04	Structural variant	PMY3522
VNI_CP003820.1	253900	254600	62.21	1.87	1.64	Duplication	55	700	0.08	Structural variant	PMY3523
VNI_CP003820.1	258000	258400	50.81	1.53	1.69	Duplication	0	400	0.0	Structural variant	PMY3523
VNI_CP003820.1	260800	263100	61.42	1.85	1.78	Duplication	50	2300	0.02	Structural variant	PMY3523
VNI_CP003820.1	271200	273500	56.35	1.7	1.69	Duplication	0	2300	0.0	Structural variant	PMY3523
VNI_CP003820.1	276700	280600	57.71	1.74	1.74	Duplication	31	3900	0.01	Structural variant	PMY3523
VNI_CP003820.1	277600	278300	100.05	1.52	1.63	Duplication	0	700	0.0	Structural variant	PMY3521
VNI_CP003820.1	281500	282300	49.02	1.48	1.63	Duplication	0	800	0.0	Structural variant	PMY3523
VNI_CP003820.1	285300	289400	59.88	1.81	1.76	Duplication	26	4100	0.01	Structural variant	PMY3523
VNI_CP003820.1	286100	288300	116.55	1.77	1.7	Duplication	0	2200	0.0	Structural variant	PMY3521
VNI_CP003820.1	287800	288000	82.24	1.7	1.61	Duplication	0	200	0.0	Structural variant	PMY3522
VNI_CP003820.1	292100	294300	111.81	1.7	1.65	Duplication	58	2200	0.03	Structural variant	PMY3521
VNI_CP003820.1	292100	294500	56.13	1.69	1.64	Duplication	58	2400	0.02	Structural variant	PMY3523
VNI_CP003820.1	294600	294700	73.8	1.53	1.61	Duplication	0	100	0.0	Structural variant	PMY3522
VNI_CP003820.1	294900	295400	65.98	1.36	1.62	Duplication	0	500	0.0	Structural variant	PMY3522
VNI_CP003820.1	295000	301500	57.62	1.74	1.71	Duplication	133	6500	0.02	Structural variant	PMY3523
VNI_CP003820.1	295900	296100	80.79	1.68	1.62	Duplication	0	200	0.0	Structural variant	PMY3522
VNI_CP003820.1	296200	297100	76.51	1.59	1.62	Duplication	0	900	0.0	Structural variant	PMY3522
VNI_CP003820.1	296300	297700	101.16	1.54	1.62	Duplication	0	1400	0.0	Structural variant	PMY3521
VNI_CP003820.1	304500	306900	58.41	1.76	1.72	Duplication	158	2400	0.07	Structural variant	PMY3523
VNI_CP003820.1	305000	305700	116.67	1.78	1.67	Duplication	92	700	0.13	Structural variant	PMY3521
VNI_CP003820.1	314100	315500	47.44	1.43	1.62	Duplication	0	1400	0.0	Structural variant	PMY3523
VNI_CP003820.1	314200	314800	91.44	1.39	1.61	Duplication	0	600	0.0	Structural variant	PMY3521
VNI_CP003820.1	315900	316700	47.69	1.44	1.62	Duplication	35	800	0.04	Structural variant	PMY3523
VNI_CP003820.1	317400	318200	50.76	1.53	1.62	Duplication	0	800	0.0	Structural variant	PMY3523
VNI_CP003820.1	318300	318600	57.01	1.72	1.63	Duplication	0	300	0.0	Structural variant	PMY3523
VNI_CP003820.1	318400	320100	111.08	1.69	1.66	Duplication	137	1700	0.08	Structural variant	PMY3521
VNI_CP003820.1	318800	319700	52.06	1.57	1.66	Duplication	26	900	0.03	Structural variant	PMY3523
VNI_CP003820.1	319000	320300	78.85	1.63	1.61	Duplication	74	1300	0.06	Structural variant	PMY3522
VNI_CP003820.1	320400	320700	77.53	1.6	1.61	Duplication	0	300	0.0	Structural variant	PMY3522
VNI_CP003820.1	325000	325500	54.11	1.63	1.62	Duplication	0	500	0.0	Structural variant	PMY3523
VNI_CP003820.1	325800	326100	56.74	1.71	1.61	Duplication	0	300	0.0	Structural variant	PMY3523
VNI_CP003820.1	338900	351000	95.06	2.87	2.87	Duplication	0	12100	0.0	Structural variant	PMY3523
VNI_CP003820.1	339000	350800	174.39	2.65	2.64	Duplication	0	11800	0.0	Structural variant	PMY3521
VNI_CP003820.1	339200	350700	128.12	2.65	2.62	Duplication	0	11500	0.0	Structural variant	PMY3522
VNI_CP003820.1	339500	350300	137.48	2.13	2.07	Duplication	0	10800	0.0	Structural variant	PMY3558
VNI_CP003820.1	339500	350300	389.72	6.44	6.4	Duplication	0	10800	0.0	Structural variant	PMY3482
VNI_CP003820.1	339500	350300	448.37	6.33	6.23	Duplication	0	10800	0.0	Structural variant	PMY3469
VNI_CP003820.1	339500	350400	252.49	6.34	6.26	Duplication	0	10900	0.0	Structural variant	PMY3455
VNI_CP003820.1	339500	350400	82.77	2.22	2.16	Duplication	0	10900	0.0	Structural variant	PMY3519
VNI_CP003820.1	339600	350200	139.83	2.18	2.12	Duplication	0	10600	0.0	Structural variant	PMY3487
VNI_CP003820.1	339600	350300	109.7	1.99	1.97	Duplication	0	10700	0.0	Structural variant	PMY3520
VNI_CP003820.1	339600	350300	235.71	3.49	3.46	Duplication	0	10700	0.0	Structural variant	PMY3484
VNI_CP003820.1	339700	340900	57.8	1.91	1.62	Duplication	0	1200	0.0	Structural variant	PMY3540
VNI_CP003820.1	339700	350300	134.49	2.09	2.05	Duplication	0	10600	0.0	Structural variant	PMY3524
VNI_CP003820.1	339700	350300	143.05	2.06	2.03	Duplication	0	10600	0.0	Structural variant	PMY3510
VNI_CP003820.1	339700	350300	151.2	2.53	2.49	Duplication	0	10600	0.0	Structural variant	PMY3391
VNI_CP003820.1	339700	350300	160.2	2.54	2.52	Duplication	0	10600	0.0	Structural variant	PMY3392
VNI_CP003820.1	339700	350300	178.3	2.55	2.48	Duplication	0	10600	0.0	Structural variant	PMY3393
VNI_CP003820.1	339700	350300	208.21	2.56	2.54	Duplication	0	10600	0.0	Structural variant	PMY3483
VNI_CP003820.1	339800	350300	130.96	2.07	2.04	Duplication	0	10500	0.0	Structural variant	PMY3509
VNI_CP003820.1	339900	350200	107.72	2.05	2.03	Duplication	0	10300	0.0	Structural variant	PMY3533
VNI_CP003820.1	339900	350200	175.37	2.38	2.37	Duplication	0	10300	0.0	Structural variant	PMY3475
VNI_CP003820.1	339900	350300	130.01	2.63	2.59	Duplication	0	10400	0.0	Structural variant	PMY3494
VNI_CP003820.1	339900	350300	162.98	2.48	2.46	Duplication	0	10400	0.0	Structural variant	PMY3479
VNI_CP003820.1	339900	350300	204.09	2.52	2.52	Duplication	0	10400	0.0	Structural variant	PMY3465
VNI_CP003820.1	339900	350300	95.53	1.97	1.97	Duplication	0	10400	0.0	Structural variant	PMY3486
VNI_CP003820.1	340000	350300	77.86	2.01	1.99	Duplication	0	10300	0.0	Structural variant	PMY3451
VNI_CP003820.1	340400	350300	88.06	2.05	2.03	Duplication	0	9900	0.0	Structural variant	PMY3532
VNI_CP003820.1	340900	341000	86.09	1.35	1.62	Duplication	0	100	0.0	Structural variant	PMY3541
VNI_CP003820.1	345700	348500	48.97	1.62	1.65	Duplication	0	2800	0.0	Structural variant	PMY3540
VNI_CP003820.1	348600	349900	52.5	1.74	1.62	Duplication	0	1300	0.0	Structural variant	PMY3540
VNI_CP003820.1	362000	363300	53.03	1.6	1.62	Duplication	0	1300	0.0	Structural variant	PMY3523
VNI_CP003820.1	364100	364300	54.2	1.64	1.61	Duplication	0	200	0.0	Structural variant	PMY3523
VNI_CP003820.1	364900	365100	59.56	1.8	1.61	Duplication	0	200	0.0	Structural variant	PMY3523
VNI_CP003820.1	388400	389900	56.42	1.7	1.67	Duplication	0	1500	0.0	Structural variant	PMY3523
VNI_CP003820.1	399600	407500	57.27	1.73	1.7	Duplication	35	7900	0.0	Structural variant	PMY3523
VNI_CP003820.1	404200	407500	112.12	1.71	1.69	Duplication	0	3300	0.0	Structural variant	PMY3521
VNI_CP003820.1	404500	406300	79.78	1.65	1.63	Duplication	0	1800	0.0	Structural variant	PMY3522
VNI_CP003820.1	407700	408500	110.72	1.68	1.64	Duplication	0	800	0.0	Structural variant	PMY3521
VNI_CP003820.1	420200	421400	55.96	1.69	1.62	Duplication	1	1200	0.0	Structural variant	PMY3523
VNI_CP003820.1	427700	430900	60.62	1.83	1.73	Duplication	41	3200	0.01	Structural variant	PMY3523
VNI_CP003820.1	428300	430000	87.7	1.82	1.7	Duplication	0	1700	0.0	Structural variant	PMY3522
VNI_CP003820.1	428400	430000	118.53	1.8	1.68	Duplication	0	1600	0.0	Structural variant	PMY3521
VNI_CP003820.1	436900	437000	59.19	1.78	1.61	Duplication	0	100	0.0	Structural variant	PMY3523
VNI_CP003820.1	443700	447400	55.37	1.67	1.65	Duplication	0	3700	0.0	Structural variant	PMY3523
VNI_CP003820.1	455300	456800	54.35	1.64	1.64	Duplication	0	1500	0.0	Structural variant	PMY3523
VNI_CP003820.1	456900	458500	53.65	1.62	1.63	Duplication	0	1600	0.0	Structural variant	PMY3523
VNI_CP003820.1	457900	458300	93.8	1.43	1.62	Duplication	0	400	0.0	Structural variant	PMY3521
VNI_CP003820.1	458900	459100	58.05	1.75	1.61	Duplication	0	200	0.0	Structural variant	PMY3523
VNI_CP003820.1	467900	468300	49.78	1.5	1.64	Duplication	0	400	0.0	Structural variant	PMY3523
VNI_CP003820.1	467900	469600	119.77	1.82	1.74	Duplication	0	1700	0.0	Structural variant	PMY3521
VNI_CP003820.1	478200	481500	58.93	1.78	1.78	Duplication	57	3300	0.02	Structural variant	PMY3523
VNI_CP003820.1	488100	489100	55.83	1.68	1.65	Duplication	0	1000	0.0	Structural variant	PMY3523
VNI_CP003820.1	497700	498800	118.94	1.81	1.63	Duplication	0	1100	0.0	Structural variant	PMY3521
VNI_CP003820.1	498600	499400	52.56	1.58	1.64	Duplication	0	800	0.0	Structural variant	PMY3523
VNI_CP003820.1	512000	515200	58.86	1.78	1.69	Duplication	39	3200	0.01	Structural variant	PMY3523
VNI_CP003820.1	522600	524900	110.34	1.68	1.63	Duplication	144	2300	0.06	Structural variant	PMY3521
VNI_CP003820.1	537600	538400	57.04	1.72	1.61	Duplication	0	800	0.0	Structural variant	PMY3523
VNI_CP003820.1	541200	543700	54.77	1.65	1.63	Duplication	34	2500	0.01	Structural variant	PMY3523
VNI_CP003820.1	562300	568400	58.92	1.78	1.74	Duplication	68	6100	0.01	Structural variant	PMY3523
VNI_CP003820.1	564400	565900	109.05	1.66	1.61	Duplication	0	1500	0.0	Structural variant	PMY3521
VNI_CP003820.1	566200	566400	114.6	1.74	1.62	Duplication	0	200	0.0	Structural variant	PMY3521
VNI_CP003820.1	573000	576100	55.31	1.67	1.68	Duplication	0	3100	0.0	Structural variant	PMY3523
VNI_CP003820.1	573100	577200	112.68	1.71	1.7	Duplication	0	4100	0.0	Structural variant	PMY3521
VNI_CP003820.1	580300	582900	57.07	1.72	1.7	Duplication	0	2600	0.0	Structural variant	PMY3523
VNI_CP003820.1	580600	580800	85.86	1.3	1.62	Duplication	0	200	0.0	Structural variant	PMY3521
VNI_CP003820.1	581300	583200	111.91	1.7	1.67	Duplication	0	1900	0.0	Structural variant	PMY3521
VNI_CP003820.1	585200	588100	117.88	1.79	1.72	Duplication	59	2900	0.02	Structural variant	PMY3521
VNI_CP003820.1	586000	587700	81.6	1.69	1.66	Duplication	0	1700	0.0	Structural variant	PMY3522
VNI_CP003820.1	586000	592000	55.76	1.68	1.68	Duplication	59	6000	0.01	Structural variant	PMY3523
VNI_CP003820.1	590200	592400	116.38	1.77	1.7	Duplication	0	2200	0.0	Structural variant	PMY3521
VNI_CP003820.1	602400	602600	101.06	1.54	1.62	Duplication	0	200	0.0	Structural variant	PMY3521
VNI_CP003820.1	615200	615800	103.37	1.57	1.63	Duplication	0	600	0.0	Structural variant	PMY3521
VNI_CP003820.1	615900	616600	108.52	1.65	1.62	Duplication	0	700	0.0	Structural variant	PMY3521
VNI_CP003820.1	620400	623500	110.14	1.68	1.66	Duplication	0	3100	0.0	Structural variant	PMY3521
VNI_CP003820.1	620500	624000	55.2	1.66	1.67	Duplication	0	3500	0.0	Structural variant	PMY3523
VNI_CP003820.1	624200	625500	52.94	1.6	1.63	Duplication	0	1300	0.0	Structural variant	PMY3523
VNI_CP003820.1	624200	626400	110.36	1.68	1.65	Duplication	0	2200	0.0	Structural variant	PMY3521
VNI_CP003820.1	630400	630700	41.74	1.26	1.61	Duplication	0	300	0.0	Structural variant	PMY3523
VNI_CP003820.1	636100	636200	58.43	1.76	1.62	Duplication	3	100	0.03	Structural variant	PMY3523
VNI_CP003820.1	637200	638000	47.02	1.42	1.63	Duplication	0	800	0.0	Structural variant	PMY3523
VNI_CP003820.1	638300	638600	58.39	1.76	1.61	Duplication	0	300	0.0	Structural variant	PMY3523
VNI_CP003820.1	638900	640000	58.28	1.76	1.61	Duplication	0	1100	0.0	Structural variant	PMY3523
VNI_CP003820.1	641800	644800	54.65	1.65	1.66	Duplication	0	3000	0.0	Structural variant	PMY3523
VNI_CP003820.1	642300	645200	111.16	1.69	1.64	Duplication	0	2900	0.0	Structural variant	PMY3521
VNI_CP003820.1	646200	650700	61.17	1.84	1.79	Duplication	119	4500	0.03	Structural variant	PMY3523
VNI_CP003820.1	647000	649700	84.83	1.76	1.69	Duplication	119	2700	0.04	Structural variant	PMY3522
VNI_CP003820.1	647300	650000	126.63	1.93	1.85	Duplication	119	2700	0.04	Structural variant	PMY3521
VNI_CP003820.1	652400	657800	112.04	1.71	1.73	Duplication	72	5400	0.01	Structural variant	PMY3521
VNI_CP003820.1	653000	656200	56.91	1.72	1.74	Duplication	0	3200	0.0	Structural variant	PMY3523
VNI_CP003820.1	653400	655700	80.56	1.67	1.66	Duplication	0	2300	0.0	Structural variant	PMY3522
VNI_CP003820.1	656300	660000	60.01	1.81	1.77	Duplication	37	3700	0.01	Structural variant	PMY3523
VNI_CP003820.1	657900	658100	112.64	1.72	1.65	Duplication	0	200	0.0	Structural variant	PMY3521
VNI_CP003820.1	662700	663300	108.62	1.65	1.63	Duplication	0	600	0.0	Structural variant	PMY3521
VNI_CP003820.1	667700	668700	45.06	1.36	1.66	Duplication	0	1000	0.0	Structural variant	PMY3523
VNI_CP003820.1	667900	668300	66.13	1.0	1.64	Duplication	0	400	0.0	Structural variant	PMY3521
VNI_CP003820.1	674500	676800	54.15	1.63	1.63	Duplication	0	2300	0.0	Structural variant	PMY3523
VNI_CP003820.1	696500	698400	116.08	1.77	1.65	Duplication	0	1900	0.0	Structural variant	PMY3521
VNI_CP003820.1	699600	699800	51.0	1.54	1.64	Duplication	0	200	0.0	Structural variant	PMY3523
VNI_CP003820.1	700100	700900	53.2	1.6	1.65	Duplication	0	800	0.0	Structural variant	PMY3523
VNI_CP003820.1	700300	702600	105.29	1.6	1.63	Duplication	50	2300	0.02	Structural variant	PMY3521
VNI_CP003820.1	701000	701200	49.84	1.5	1.66	Duplication	0	200	0.0	Structural variant	PMY3523
VNI_CP003820.1	701500	702100	48.62	1.46	1.62	Duplication	50	600	0.08	Structural variant	PMY3523
VNI_CP003820.1	703100	704000	52.73	1.59	1.62	Duplication	0	900	0.0	Structural variant	PMY3523
VNI_CP003820.1	714300	715800	58.99	1.78	1.64	Duplication	0	1500	0.0	Structural variant	PMY3523
VNI_CP003820.1	714900	715800	110.75	1.69	1.61	Duplication	0	900	0.0	Structural variant	PMY3521
VNI_CP003820.1	722900	723300	55.7	1.68	1.63	Duplication	0	400	0.0	Structural variant	PMY3523
VNI_CP003820.1	727000	727200	89.54	1.36	1.61	Duplication	0	200	0.0	Structural variant	PMY3521
VNI_CP003820.1	730000	732400	55.79	1.68	1.69	Duplication	48	2400	0.02	Structural variant	PMY3523
VNI_CP003820.1	731300	731700	62.98	1.3	1.63	Duplication	0	400	0.0	Structural variant	PMY3522
VNI_CP003820.1	731700	732000	89.67	1.36	1.62	Duplication	30	300	0.1	Structural variant	PMY3521
VNI_CP003820.1	735000	737200	55.78	1.68	1.64	Duplication	0	2200	0.0	Structural variant	PMY3523
VNI_CP003820.1	739800	740000	61.45	1.86	1.63	Duplication	0	200	0.0	Structural variant	PMY3523
VNI_CP003820.1	744700	746200	54.07	1.63	1.64	Duplication	0	1500	0.0	Structural variant	PMY3523
VNI_CP003820.1	748600	750700	57.1	1.72	1.66	Duplication	0	2100	0.0	Structural variant	PMY3523
VNI_CP003820.1	748800	749900	113.62	1.73	1.62	Duplication	0	1100	0.0	Structural variant	PMY3521
VNI_CP003820.1	756300	756600	96.85	1.48	1.62	Duplication	0	300	0.0	Structural variant	PMY3521
VNI_CP003820.1	757400	758300	99.64	1.52	1.65	Duplication	22	900	0.02	Structural variant	PMY3521
VNI_CP003820.1	757500	757800	72.27	1.5	1.64	Duplication	22	300	0.07	Structural variant	PMY3522
VNI_CP003820.1	757600	758500	54.66	1.65	1.63	Duplication	22	900	0.02	Structural variant	PMY3523
VNI_CP003820.1	758600	759900	54.64	1.65	1.71	Duplication	0	1300	0.0	Structural variant	PMY3523
VNI_CP003820.1	758600	760000	110.07	1.67	1.66	Duplication	0	1400	0.0	Structural variant	PMY3521
VNI_CP003820.1	792100	794300	108.73	1.65	1.64	Duplication	117	2200	0.05	Structural variant	PMY3521
VNI_CP003820.1	792400	792900	60.19	1.82	1.62	Duplication	0	500	0.0	Structural variant	PMY3523
VNI_CP003820.1	794900	795600	105.58	1.61	1.62	Duplication	0	700	0.0	Structural variant	PMY3521
VNI_CP003820.1	797700	800600	54.96	1.66	1.67	Duplication	0	2900	0.0	Structural variant	PMY3523
VNI_CP003820.1	815900	816400	49.92	1.5	1.61	Duplication	0	500	0.0	Structural variant	PMY3523
VNI_CP003820.1	816500	817900	113.04	1.72	1.62	Duplication	46	1400	0.03	Structural variant	PMY3521
VNI_CP003820.1	817300	817900	55.35	1.67	1.61	Duplication	0	600	0.0	Structural variant	PMY3523
VNI_CP003820.1	822300	824100	112.22	1.71	1.66	Duplication	0	1800	0.0	Structural variant	PMY3521
VNI_CP003820.1	823500	824000	48.58	1.46	1.66	Duplication	0	500	0.0	Structural variant	PMY3523
VNI_CP003820.1	827300	829800	120.46	1.83	1.79	Duplication	15	2500	0.01	Structural variant	PMY3521
VNI_CP003820.1	828100	828900	82.96	1.72	1.66	Duplication	0	800	0.0	Structural variant	PMY3522
VNI_CP003820.1	828100	829800	63.04	1.9	1.76	Duplication	15	1700	0.01	Structural variant	PMY3523
VNI_CP003820.1	837900	840900	55.93	1.69	1.71	Duplication	84	3000	0.03	Structural variant	PMY3523
VNI_CP003820.1	838600	839200	101.92	1.55	1.61	Duplication	0	600	0.0	Structural variant	PMY3521
VNI_CP003820.1	842500	843800	48.51	1.46	1.62	Duplication	190	1300	0.15	Structural variant	PMY3523
VNI_CP003820.1	843100	843600	80.93	1.23	1.62	Duplication	154	500	0.31	Structural variant	PMY3521
VNI_CP003820.1	846200	847400	56.26	1.7	1.65	Duplication	0	1200	0.0	Structural variant	PMY3523
VNI_CP003820.1	857700	921500	118.17	2.0	1.99	Duplication	1207	63800	0.02	Structural variant	PMY3419
VNI_CP003820.1	859300	860200	48.99	1.48	1.72	Duplication	0	900	0.0	Structural variant	PMY3523
VNI_CP003820.1	866700	873200	55.75	1.68	1.67	Duplication	106	6500	0.02	Structural variant	PMY3523
VNI_CP003820.1	868900	871500	120.69	1.84	1.81	Duplication	0	2600	0.0	Structural variant	PMY3521
VNI_CP003820.1	869600	871400	81.93	1.7	1.63	Duplication	0	1800	0.0	Structural variant	PMY3522
VNI_CP003820.1	872600	872700	77.21	1.6	1.61	Duplication	0	100	0.0	Structural variant	PMY3522
VNI_CP003820.1	875100	878100	121.55	1.85	1.81	Duplication	85	3000	0.03	Structural variant	PMY3521
VNI_CP003820.1	875300	877800	58.89	1.78	1.76	Duplication	33	2500	0.01	Structural variant	PMY3523
VNI_CP003820.1	875400	877300	87.67	1.82	1.67	Duplication	33	1900	0.02	Structural variant	PMY3522
VNI_CP003820.1	883900	885900	58.96	1.78	1.72	Duplication	27	2000	0.01	Structural variant	PMY3523
VNI_CP003820.1	884500	885800	114.43	1.74	1.64	Duplication	0	1300	0.0	Structural variant	PMY3521
VNI_CP003820.1	890500	892800	57.78	1.74	1.69	Duplication	0	2300	0.0	Structural variant	PMY3523
VNI_CP003820.1	891800	891900	132.96	2.02	1.62	Duplication	0	100	0.0	Structural variant	PMY3521
VNI_CP003820.1	892200	892300	100.21	1.53	1.62	Duplication	0	100	0.0	Structural variant	PMY3521
VNI_CP003820.1	895200	896200	107.05	1.63	1.62	Duplication	0	1000	0.0	Structural variant	PMY3521
VNI_CP003820.1	895700	896000	59.12	1.78	1.61	Duplication	0	300	0.0	Structural variant	PMY3523
VNI_CP003820.1	902800	905100	56.8	1.71	1.67	Duplication	30	2300	0.01	Structural variant	PMY3523
VNI_CP003820.1	903400	905700	121.33	1.85	1.81	Duplication	0	2300	0.0	Structural variant	PMY3521
VNI_CP003820.1	908900	910600	57.24	1.73	1.68	Duplication	0	1700	0.0	Structural variant	PMY3523
VNI_CP003820.1	912600	915300	55.32	1.67	1.64	Duplication	43	2700	0.02	Structural variant	PMY3523
VNI_CP003820.1	915500	917600	110.52	1.68	1.66	Duplication	0	2100	0.0	Structural variant	PMY3521
VNI_CP003820.1	922900	952100	117.63	1.99	1.98	Duplication	374	29200	0.01	Structural variant	PMY3419
VNI_CP003820.1	928800	929200	82.8	1.26	1.63	Duplication	61	400	0.15	Structural variant	PMY3521
VNI_CP003820.1	929300	929500	113.34	1.72	1.63	Duplication	0	200	0.0	Structural variant	PMY3521
VNI_CP003820.1	932100	932800	60.48	1.82	1.65	Duplication	0	700	0.0	Structural variant	PMY3523
VNI_CP003820.1	932700	932800	99.58	1.52	1.61	Duplication	0	100	0.0	Structural variant	PMY3521
VNI_CP003820.1	933500	933600	126.03	1.92	1.61	Duplication	0	100	0.0	Structural variant	PMY3521
VNI_CP003820.1	938200	938500	47.57	1.43	1.62	Duplication	26	300	0.09	Structural variant	PMY3523
VNI_CP003820.1	939300	939800	57.94	1.75	1.63	Duplication	0	500	0.0	Structural variant	PMY3523
VNI_CP003820.1	943000	944400	53.46	1.61	1.62	Duplication	0	1400	0.0	Structural variant	PMY3523
VNI_CP003820.1	946600	946700	98.35	1.5	1.62	Duplication	0	100	0.0	Structural variant	PMY3521
VNI_CP003820.1	947000	948000	116.54	1.77	1.68	Duplication	0	1000	0.0	Structural variant	PMY3521
VNI_CP003820.1	948000	948200	53.18	1.6	1.62	Duplication	0	200	0.0	Structural variant	PMY3523
VNI_CP003820.1	952500	957000	100.87	1.7	1.72	Duplication	135	4500	0.03	Structural variant	PMY3419
VNI_CP003820.1	961700	963200	104.69	1.77	1.65	Duplication	0	1500	0.0	Structural variant	PMY3419
VNI_CP003820.1	965900	966100	97.34	1.64	1.62	Duplication	49	200	0.24	Structural variant	PMY3419
VNI_CP003820.1	966600	970700	101.42	1.71	1.78	Duplication	902	4100	0.22	Structural variant	PMY3419
VNI_CP003820.1	971500	975700	116.14	1.96	1.96	Duplication	1604	4200	0.38	Structural variant	PMY3419
VNI_CP003820.1	973300	975500	71.75	2.16	2.08	Duplication	332	2200	0.15	Structural variant	PMY3523
VNI_CP003820.1	973400	975500	113.6	2.35	2.21	Duplication	232	2100	0.11	Structural variant	PMY3522
VNI_CP003820.1	973400	975500	156.73	2.39	2.23	Duplication	232	2100	0.11	Structural variant	PMY3521
VNI_CP003820.1	973500	975500	97.5	2.27	2.1	Duplication	132	2000	0.07	Structural variant	PMY3532
VNI_CP003820.1	973600	975300	137.45	2.13	1.87	Duplication	41	1700	0.02	Structural variant	PMY3558
VNI_CP003820.1	973600	975400	125.83	2.09	1.92	Duplication	41	1800	0.02	Structural variant	PMY3478
VNI_CP003820.1	973600	975400	81.22	2.1	1.96	Duplication	41	1800	0.02	Structural variant	PMY3451
VNI_CP003820.1	973600	975400	98.64	2.08	1.83	Duplication	41	1800	0.02	Structural variant	PMY3474
VNI_CP003820.1	973600	975500	121.43	2.31	2.12	Duplication	78	1900	0.04	Structural variant	PMY3533
VNI_CP003820.1	973600	975500	134.66	2.12	1.96	Duplication	78	1900	0.04	Structural variant	PMY3509
VNI_CP003820.1	973600	975500	136.07	2.11	1.94	Duplication	78	1900	0.04	Structural variant	PMY3524
VNI_CP003820.1	973600	975500	150.47	2.34	2.05	Duplication	78	1900	0.04	Structural variant	PMY3487
VNI_CP003820.1	973600	975500	162.09	2.33	2.12	Duplication	78	1900	0.04	Structural variant	PMY3510
VNI_CP003820.1	973700	975500	102.26	2.11	1.97	Duplication	78	1800	0.04	Structural variant	PMY3486
VNI_CP003820.1	973700	975500	136.44	2.14	1.99	Duplication	78	1800	0.04	Structural variant	PMY3541
VNI_CP003820.1	973700	975500	81.11	2.18	2.04	Duplication	78	1800	0.04	Structural variant	PMY3519
VNI_CP003820.1	973800	975100	78.45	1.77	1.67	Duplication	41	1300	0.03	Structural variant	PMY3630
VNI_CP003820.1	973800	975400	112.1	2.03	1.82	Duplication	41	1600	0.03	Structural variant	PMY3520
VNI_CP003820.1	973800	975400	58.08	1.92	1.82	Duplication	41	1600	0.03	Structural variant	PMY3540
VNI_CP003820.1	974100	975200	72.75	1.77	1.63	Duplication	41	1100	0.04	Structural variant	PMY3629
VNI_CP003820.1	1007200	1007500	107.86	1.64	1.63	Duplication	0	300	0.0	Structural variant	PMY3521
VNI_CP003820.1	1029400	1029800	56.47	1.7	1.64	Duplication	0	400	0.0	Structural variant	PMY3523
VNI_CP003820.1	1030200	1030700	55.97	1.69	1.63	Duplication	0	500	0.0	Structural variant	PMY3523
VNI_CP003820.1	1030900	1032700	54.72	1.65	1.63	Duplication	0	1800	0.0	Structural variant	PMY3523
VNI_CP003820.1	1031300	1033000	116.89	1.78	1.68	Duplication	0	1700	0.0	Structural variant	PMY3521
VNI_CP003820.1	1032800	1032900	42.02	1.27	1.62	Duplication	0	100	0.0	Structural variant	PMY3523
VNI_CP003820.1	1041900	1043600	104.02	1.58	1.63	Duplication	0	1700	0.0	Structural variant	PMY3521
VNI_CP003820.1	1044500	1045600	55.54	1.68	1.68	Duplication	0	1100	0.0	Structural variant	PMY3523
VNI_CP003820.1	1056900	1057100	45.77	1.38	1.62	Duplication	0	200	0.0	Structural variant	PMY3523
VNI_CP003820.1	1057000	1057200	104.6	1.6	1.61	Duplication	0	200	0.0	Structural variant	PMY3521
VNI_CP003820.1	1062500	1065700	124.36	1.89	1.86	Duplication	192	3200	0.06	Structural variant	PMY3521
VNI_CP003820.1	1062600	1066500	62.56	1.89	1.78	Duplication	186	3900	0.05	Structural variant	PMY3523
VNI_CP003820.1	1063000	1065200	90.25	1.87	1.66	Duplication	56	2200	0.03	Structural variant	PMY3522
VNI_CP003820.1	1066700	1067000	35.86	1.08	1.64	Duplication	35	300	0.12	Structural variant	PMY3523
VNI_CP003820.1	1068000	1070300	54.68	1.65	1.66	Duplication	0	2300	0.0	Structural variant	PMY3523
VNI_CP003820.1	1068100	1069400	108.61	1.65	1.66	Duplication	0	1300	0.0	Structural variant	PMY3521
VNI_CP003820.1	1085400	1087200	58.25	1.76	1.67	Duplication	0	1800	0.0	Structural variant	PMY3523
VNI_CP003820.1	1090300	1091600	53.09	1.6	1.63	Duplication	0	1300	0.0	Structural variant	PMY3523
VNI_CP003820.1	1097000	1097200	59.46	1.79	1.65	Duplication	17	200	0.08	Structural variant	PMY3523
VNI_CP003820.1	1097800	1098800	49.27	1.48	1.67	Duplication	0	1000	0.0	Structural variant	PMY3523
VNI_CP003820.1	1109200	1110500	60.01	1.81	1.65	Duplication	0	1300	0.0	Structural variant	PMY3523
VNI_CP003820.1	1113700	1115800	76.31	1.58	1.7	Duplication	136	2100	0.06	Structural variant	PMY3522
VNI_CP003820.1	1114200	1115400	55.26	1.67	1.62	Duplication	51	1200	0.04	Structural variant	PMY3523
VNI_CP003820.1	1114600	1115900	98.54	1.5	1.68	Duplication	113	1300	0.09	Structural variant	PMY3521
VNI_CP003820.1	1116400	1116800	96.53	1.47	1.65	Duplication	58	400	0.14	Structural variant	PMY3521
VNI_CP003820.1	1117400	1118300	107.34	1.64	1.62	Duplication	18	900	0.02	Structural variant	PMY3521
VNI_CP003820.1	1118400	1121900	111.28	1.69	1.68	Duplication	146	3500	0.04	Structural variant	PMY3521
VNI_CP003820.1	1118900	1119500	49.3	1.48	1.66	Duplication	86	600	0.14	Structural variant	PMY3523
VNI_CP003820.1	1119600	1119700	59.9	1.81	1.64	Duplication	0	100	0.0	Structural variant	PMY3523
VNI_CP003820.1	1120100	1123000	57.54	1.74	1.75	Duplication	0	2900	0.0	Structural variant	PMY3523
VNI_CP003820.1	1128500	1130200	114.27	1.74	1.67	Duplication	57	1700	0.03	Structural variant	PMY3521
VNI_CP003820.1	1135000	1135800	104.02	1.58	1.64	Duplication	0	800	0.0	Structural variant	PMY3521
VNI_CP003820.1	1135300	1135800	53.32	1.61	1.61	Duplication	0	500	0.0	Structural variant	PMY3523
VNI_CP003820.1	1136000	1138100	57.32	1.73	1.65	Duplication	0	2100	0.0	Structural variant	PMY3523
VNI_CP003820.1	1136100	1138900	113.8	1.73	1.69	Duplication	35	2800	0.01	Structural variant	PMY3521
VNI_CP003820.1	1138200	1138400	53.14	1.6	1.61	Duplication	0	200	0.0	Structural variant	PMY3523
VNI_CP003820.1	1140900	1142900	55.6	1.68	1.68	Duplication	0	2000	0.0	Structural variant	PMY3523
VNI_CP003820.1	1150400	1150500	58.32	1.76	1.65	Duplication	0	100	0.0	Structural variant	PMY3523
VNI_CP003820.1	1155200	1158300	58.3	1.76	1.73	Duplication	86	3100	0.03	Structural variant	PMY3523
VNI_CP003820.1	1155800	1157800	86.74	1.8	1.73	Duplication	36	2000	0.02	Structural variant	PMY3522
VNI_CP003820.1	1155800	1158000	117.73	1.79	1.76	Duplication	36	2200	0.02	Structural variant	PMY3521
VNI_CP003820.1	1163700	1167500	56.25	1.7	1.67	Duplication	0	3800	0.0	Structural variant	PMY3523
VNI_CP003820.1	1167600	1167900	54.61	1.65	1.62	Duplication	0	300	0.0	Structural variant	PMY3523
VNI_CP003820.1	1169800	1170300	47.32	1.43	1.64	Duplication	0	500	0.0	Structural variant	PMY3523
VNI_CP003820.1	1170400	1170800	64.84	1.96	1.62	Duplication	0	400	0.0	Structural variant	PMY3523
VNI_CP003820.1	1171400	1171900	48.56	1.46	1.62	Duplication	0	500	0.0	Structural variant	PMY3523
VNI_CP003820.1	1188700	1189000	50.0	1.51	1.63	Duplication	47	300	0.16	Structural variant	PMY3523
VNI_CP003820.1	1210000	1211900	108.95	1.66	1.64	Duplication	78	1900	0.04	Structural variant	PMY3521
VNI_CP003820.1	1212000	1213000	107.98	1.64	1.62	Duplication	0	1000	0.0	Structural variant	PMY3521
VNI_CP003820.1	1213900	1217500	110.19	1.68	1.69	Duplication	48	3600	0.01	Structural variant	PMY3521
VNI_CP003820.1	1214900	1219900	53.65	1.62	1.65	Duplication	48	5000	0.01	Structural variant	PMY3523
VNI_CP003820.1	1220600	1227900	55.97	1.69	1.69	Duplication	43	7300	0.01	Structural variant	PMY3523
VNI_CP003820.1	1221700	1224800	114.15	1.74	1.72	Duplication	0	3100	0.0	Structural variant	PMY3521
VNI_CP003820.1	1226900	1229900	115.86	1.76	1.74	Duplication	0	3000	0.0	Structural variant	PMY3521
VNI_CP003820.1	1236100	1239900	56.09	1.69	1.71	Duplication	75	3800	0.02	Structural variant	PMY3523
VNI_CP003820.1	1236100	1240000	115.96	1.77	1.72	Duplication	75	3900	0.02	Structural variant	PMY3521
VNI_CP003820.1	1240300	1240500	103.48	1.58	1.63	Duplication	0	200	0.0	Structural variant	PMY3521
VNI_CP003820.1	1241800	1244200	120.07	1.83	1.76	Duplication	48	2400	0.02	Structural variant	PMY3521
VNI_CP003820.1	1241800	1244200	82.34	1.71	1.67	Duplication	48	2400	0.02	Structural variant	PMY3522
VNI_CP003820.1	1241800	1244900	57.7	1.74	1.74	Duplication	48	3100	0.02	Structural variant	PMY3523
VNI_CP003820.1	1246200	1246300	49.0	1.48	1.65	Duplication	0	100	0.0	Structural variant	PMY3523
VNI_CP003820.1	1254700	1258100	110.86	1.69	1.69	Duplication	0	3400	0.0	Structural variant	PMY3521
VNI_CP003820.1	1269200	1270000	42.11	1.27	1.64	Duplication	0	800	0.0	Structural variant	PMY3523
VNI_CP003820.1	1271000	1272200	51.19	1.54	1.67	Duplication	0	1200	0.0	Structural variant	PMY3523
VNI_CP003820.1	1271500	1273200	113.49	1.73	1.63	Duplication	0	1700	0.0	Structural variant	PMY3521
VNI_CP003820.1	1272300	1273900	54.67	1.65	1.65	Duplication	0	1600	0.0	Structural variant	PMY3523
VNI_CP003820.1	1279400	1283900	60.08	1.81	1.75	Duplication	21	4500	0.0	Structural variant	PMY3523
VNI_CP003820.1	1279500	1281900	118.58	1.81	1.75	Duplication	0	2400	0.0	Structural variant	PMY3521
VNI_CP003820.1	1279500	1281900	82.25	1.7	1.67	Duplication	0	2400	0.0	Structural variant	PMY3522
VNI_CP003820.1	1282800	1283000	125.85	1.92	1.61	Duplication	0	200	0.0	Structural variant	PMY3521
VNI_CP003820.1	1289100	1289200	55.64	1.68	1.61	Duplication	0	100	0.0	Structural variant	PMY3523
VNI_CP003820.1	1296800	1301600	58.41	1.76	1.72	Duplication	60	4800	0.01	Structural variant	PMY3523
VNI_CP003820.1	1297600	1299500	112.62	1.71	1.66	Duplication	0	1900	0.0	Structural variant	PMY3521
VNI_CP003820.1	1297900	1299300	81.48	1.69	1.63	Duplication	0	1400	0.0	Structural variant	PMY3522
VNI_CP003820.1	1302500	1303500	47.12	1.42	1.62	Duplication	0	1000	0.0	Structural variant	PMY3523
VNI_CP003820.1	1309400	1310800	121.52	1.85	1.67	Duplication	0	1400	0.0	Structural variant	PMY3521
VNI_CP003820.1	1309500	1311200	58.79	1.77	1.75	Duplication	0	1700	0.0	Structural variant	PMY3523
VNI_CP003820.1	1310600	1310700	73.58	1.52	1.66	Duplication	0	100	0.0	Structural variant	PMY3522
VNI_CP003820.1	1323200	1330100	60.68	1.83	1.8	Duplication	443	6900	0.06	Structural variant	PMY3523
VNI_CP003820.1	1324100	1326900	122.18	1.86	1.84	Duplication	267	2800	0.1	Structural variant	PMY3521
VNI_CP003820.1	1324600	1327900	85.74	1.78	1.78	Duplication	250	3300	0.08	Structural variant	PMY3522
VNI_CP003820.1	1325400	1326300	95.42	1.75	1.61	Duplication	40	900	0.04	Structural variant	PMY3433
VNI_CP003820.1	1327000	1329600	108.06	1.64	1.7	Duplication	74	2600	0.03	Structural variant	PMY3521
VNI_CP003820.1	1328700	1329100	75.59	1.57	1.62	Duplication	26	400	0.06	Structural variant	PMY3522
VNI_CP003820.1	1332000	1333100	53.79	1.62	1.63	Duplication	142	1100	0.13	Structural variant	PMY3523
VNI_CP003820.1	1332300	1332400	121.95	1.86	1.67	Duplication	0	100	0.0	Structural variant	PMY3521
VNI_CP003820.1	1332600	1333500	112.28	1.71	1.66	Duplication	78	900	0.09	Structural variant	PMY3521
VNI_CP003820.1	1341900	1343600	56.36	1.7	1.62	Duplication	0	1700	0.0	Structural variant	PMY3523
VNI_CP003820.1	1349000	1350100	57.92	1.75	1.62	Duplication	70	1100	0.06	Structural variant	PMY3523
VNI_CP003820.1	1377100	1377200	45.82	1.38	1.61	Duplication	0	100	0.0	Structural variant	PMY3523
VNI_CP003820.1	1386500	1388200	56.26	1.7	1.62	Duplication	0	1700	0.0	Structural variant	PMY3523
VNI_CP003820.1	1394400	1396300	58.52	1.76	1.69	Duplication	0	1900	0.0	Structural variant	PMY3523
VNI_CP003820.1	1396400	1396700	56.99	1.72	1.64	Duplication	0	300	0.0	Structural variant	PMY3523
VNI_CP003820.1	1400400	1402000	56.79	1.71	1.63	Duplication	0	1600	0.0	Structural variant	PMY3523
VNI_CP003820.1	1404500	1406900	57.01	1.72	1.72	Duplication	0	2400	0.0	Structural variant	PMY3523
VNI_CP003820.1	1456800	1457900	56.73	1.71	1.67	Duplication	0	1100	0.0	Structural variant	PMY3523
VNI_CP003820.1	1466400	1468600	56.4	1.7	1.66	Duplication	0	2200	0.0	Structural variant	PMY3523
VNI_CP003820.1	1466500	1468600	116.8	1.78	1.63	Duplication	0	2100	0.0	Structural variant	PMY3521
VNI_CP003820.1	1480700	1480800	38.41	1.16	1.61	Duplication	0	100	0.0	Structural variant	PMY3523
VNI_CP003820.1	1481000	1481100	52.63	1.59	1.61	Duplication	0	100	0.0	Structural variant	PMY3523
VNI_CP003820.1	1499000	1500500	63.98	1.93	1.75	Duplication	0	1500	0.0	Structural variant	PMY3523
VNI_CP003820.1	1499600	1500600	119.1	1.81	1.63	Duplication	0	1000	0.0	Structural variant	PMY3521
VNI_CP003820.1	1516700	1519200	60.3	1.82	1.72	Duplication	0	2500	0.0	Structural variant	PMY3523
VNI_CP003820.1	1521900	1522000	46.92	1.41	1.62	Duplication	0	100	0.0	Structural variant	PMY3523
VNI_CP003820.1	1522400	1523000	44.03	1.33	1.62	Duplication	0	600	0.0	Structural variant	PMY3523
VNI_CP003820.1	1523300	1524800	118.52	1.8	1.64	Duplication	46	1500	0.03	Structural variant	PMY3521
VNI_CP003820.1	1523300	1524800	57.68	1.74	1.69	Duplication	46	1500	0.03	Structural variant	PMY3523
VNI_CP003820.1	1530400	1531800	58.09	1.75	1.63	Duplication	53	1400	0.04	Structural variant	PMY3523
VNI_CP003820.1	1542100	1543000	51.91	1.56	1.65	Duplication	0	900	0.0	Structural variant	PMY3523
VNI_CP003820.1	1543300	1543400	63.45	1.91	1.65	Duplication	0	100	0.0	Structural variant	PMY3523
VNI_CP003820.1	1543500	1544400	57.1	1.72	1.69	Duplication	0	900	0.0	Structural variant	PMY3523
VNI_CP003820.1	1545600	1548600	56.71	1.71	1.67	Duplication	0	3000	0.0	Structural variant	PMY3523
VNI_CP003820.1	1546400	1548700	117.81	1.79	1.73	Duplication	0	2300	0.0	Structural variant	PMY3521
VNI_CP003820.1	1555100	1555600	50.3	1.52	1.64	Duplication	0	500	0.0	Structural variant	PMY3523
VNI_CP003820.1	1556000	1557200	57.27	1.73	1.66	Duplication	528	1200	0.44	Structural variant	PMY3523
VNI_CP003820.1	1559900	1561300	54.26	1.64	1.65	Duplication	0	1400	0.0	Structural variant	PMY3523
VNI_CP003820.1	1570600	1573300	66.19	2.0	1.9	Duplication	71	2700	0.03	Structural variant	PMY3523
VNI_CP003820.1	1570900	1573300	117.87	1.79	1.74	Duplication	27	2400	0.01	Structural variant	PMY3521
VNI_CP003820.1	1571500	1573200	92.26	1.91	1.71	Duplication	0	1700	0.0	Structural variant	PMY3522
VNI_CP003820.1	1578500	1580200	62.77	1.89	1.79	Duplication	81	1700	0.05	Structural variant	PMY3523
VNI_CP003820.1	1585400	1586400	57.55	1.74	1.62	Duplication	0	1000	0.0	Structural variant	PMY3523
VNI_CP003820.1	1590700	1595000	56.51	1.7	1.68	Duplication	42	4300	0.01	Structural variant	PMY3523
VNI_CP003820.1	1592100	1594600	105.7	1.61	1.62	Duplication	42	2500	0.02	Structural variant	PMY3521
VNI_CP003820.1	1615200	1615800	45.88	1.38	1.63	Duplication	0	600	0.0	Structural variant	PMY3523
VNI_CP003820.1	1626800	1627700	50.89	1.54	1.68	Duplication	0	900	0.0	Structural variant	PMY3523
VNI_CP003820.1	1649900	1650200	47.77	1.44	1.64	Duplication	0	300	0.0	Structural variant	PMY3523
VNI_CP003820.1	1658400	1661400	56.05	1.69	1.65	Duplication	0	3000	0.0	Structural variant	PMY3523
VNI_CP003820.1	1663500	1665500	56.12	1.69	1.65	Duplication	0	2000	0.0	Structural variant	PMY3523
VNI_CP003820.1	1663700	1665400	78.64	1.63	1.62	Duplication	0	1700	0.0	Structural variant	PMY3522
VNI_CP003820.1	1665800	1667600	110.32	1.68	1.63	Duplication	0	1800	0.0	Structural variant	PMY3521
VNI_CP003820.1	1668200	1668800	53.34	1.61	1.66	Duplication	40	600	0.07	Structural variant	PMY3523
VNI_CP003820.1	1671500	1673600	56.4	1.7	1.68	Duplication	0	2100	0.0	Structural variant	PMY3523
VNI_CP003820.1	1671900	1673000	110.77	1.69	1.62	Duplication	0	1100	0.0	Structural variant	PMY3521
VNI_CP003820.1	1685100	1687100	59.21	1.78	1.7	Duplication	46	2000	0.02	Structural variant	PMY3523
VNI_CP003820.1	1685500	1686400	114.98	1.75	1.66	Duplication	46	900	0.05	Structural variant	PMY3521
VNI_CP003820.1	1687500	1687600	44.26	1.33	1.62	Duplication	0	100	0.0	Structural variant	PMY3523
VNI_CP003820.1	1687700	1688000	48.99	1.48	1.62	Duplication	0	300	0.0	Structural variant	PMY3523
VNI_CP003820.1	1691100	1691400	30.82	0.93	1.61	Duplication	0	300	0.0	Structural variant	PMY3523
VNI_CP003820.1	1691100	1693100	76.46	1.58	1.67	Duplication	98	2000	0.05	Structural variant	PMY3522
VNI_CP003820.1	1691600	1694000	57.31	1.73	1.67	Duplication	98	2400	0.04	Structural variant	PMY3523
VNI_CP003820.1	1720500	1722300	56.21	1.7	1.63	Duplication	0	1800	0.0	Structural variant	PMY3523
VNI_CP003820.1	1725800	1729900	56.07	1.69	1.72	Duplication	0	4100	0.0	Structural variant	PMY3523
VNI_CP003820.1	1743300	1746100	55.12	1.66	1.65	Duplication	0	2800	0.0	Structural variant	PMY3523
VNI_CP003820.1	1779200	1780500	44.82	1.35	1.65	Duplication	0	1300	0.0	Structural variant	PMY3523
VNI_CP003820.1	1780600	1781200	50.9	1.54	1.61	Duplication	0	600	0.0	Structural variant	PMY3523
VNI_CP003820.1	1798800	1800000	59.83	1.8	1.64	Duplication	0	1200	0.0	Structural variant	PMY3523
VNI_CP003820.1	1802400	1803200	56.83	1.72	1.62	Duplication	0	800	0.0	Structural variant	PMY3523
VNI_CP003820.1	1802700	1803700	76.48	1.58	1.62	Duplication	0	1000	0.0	Structural variant	PMY3522
VNI_CP003820.1	1811500	1812900	56.41	1.7	1.69	Duplication	0	1400	0.0	Structural variant	PMY3523
VNI_CP003820.1	1818600	1820000	59.07	1.78	1.67	Duplication	24	1400	0.02	Structural variant	PMY3523
VNI_CP003820.1	1821900	1826400	57.39	1.73	1.72	Duplication	35	4500	0.01	Structural variant	PMY3523
VNI_CP003820.1	1823400	1824500	78.58	1.63	1.64	Duplication	35	1100	0.03	Structural variant	PMY3522
VNI_CP003820.1	1860500	1862700	56.89	1.71	1.64	Duplication	64	2200	0.03	Structural variant	PMY3523
VNI_CP003820.1	1871500	1876100	113.18	1.72	1.73	Duplication	70	4600	0.02	Structural variant	PMY3521
VNI_CP003820.1	1871700	1877400	62.11	1.87	1.81	Duplication	70	5700	0.01	Structural variant	PMY3523
VNI_CP003820.1	1871800	1876900	86.51	1.79	1.79	Duplication	70	5100	0.01	Structural variant	PMY3522
VNI_CP003820.1	1890700	1891400	56.26	1.69	1.63	Duplication	0	700	0.0	Structural variant	PMY3523
VNI_CP003820.1	1918000	1918800	49.92	1.51	1.65	Duplication	0	800	0.0	Structural variant	PMY3523
VNI_CP003820.1	1931800	1933100	60.27	1.82	1.68	Duplication	422	1300	0.32	Structural variant	PMY3523
VNI_CP003820.1	1937100	1937600	49.6	1.5	1.64	Duplication	0	500	0.0	Structural variant	PMY3523
VNI_CP003820.1	1937900	1941400	58.38	1.76	1.75	Duplication	501	3500	0.14	Structural variant	PMY3523
VNI_CP003820.1	1938500	1940300	114.92	1.75	1.68	Duplication	177	1800	0.1	Structural variant	PMY3521
VNI_CP003820.1	1938700	1940200	82.35	1.71	1.67	Duplication	100	1500	0.07	Structural variant	PMY3522
VNI_CP003820.1	1942000	1942200	55.98	1.69	1.65	Duplication	0	200	0.0	Structural variant	PMY3523
VNI_CP003820.1	1943300	1943500	47.42	1.43	1.63	Duplication	0	200	0.0	Structural variant	PMY3523
VNI_CP003820.1	1943700	1944100	55.95	1.69	1.63	Duplication	0	400	0.0	Structural variant	PMY3523
VNI_CP003820.1	1944400	1944500	57.11	1.72	1.63	Duplication	0	100	0.0	Structural variant	PMY3523
VNI_CP003820.1	1944700	1945200	50.25	1.52	1.63	Duplication	0	500	0.0	Structural variant	PMY3523
VNI_CP003820.1	1945300	1945700	50.15	1.51	1.63	Duplication	0	400	0.0	Structural variant	PMY3523
VNI_CP003820.1	1955000	1957500	59.5	1.79	1.77	Duplication	0	2500	0.0	Structural variant	PMY3523
VNI_CP003820.1	1959100	1960900	113.1	1.72	1.65	Duplication	0	1800	0.0	Structural variant	PMY3521
VNI_CP003820.1	1959800	1960600	54.63	1.64	1.62	Duplication	0	800	0.0	Structural variant	PMY3523
VNI_CP003820.1	1959800	1960800	80.48	1.67	1.62	Duplication	0	1000	0.0	Structural variant	PMY3522
VNI_CP003820.1	1962800	1962900	59.0	1.78	1.61	Duplication	0	100	0.0	Structural variant	PMY3523
VNI_CP003820.1	1963500	1966900	54.36	1.64	1.64	Duplication	0	3400	0.0	Structural variant	PMY3523
VNI_CP003820.1	1982500	1986300	60.84	1.83	1.76	Duplication	79	3800	0.02	Structural variant	PMY3523
VNI_CP003820.1	1982700	1984900	110.89	1.69	1.65	Duplication	0	2200	0.0	Structural variant	PMY3521
VNI_CP003820.1	1983200	1985000	85.78	1.78	1.67	Duplication	0	1800	0.0	Structural variant	PMY3522
VNI_CP003820.1	1992300	1993000	49.01	1.48	1.64	Duplication	0	700	0.0	Structural variant	PMY3523
VNI_CP003820.1	1992400	1992600	84.14	1.28	1.61	Duplication	0	200	0.0	Structural variant	PMY3521
VNI_CP003820.1	1993600	1999200	55.84	1.68	1.65	Duplication	266	5600	0.05	Structural variant	PMY3523
VNI_CP003820.1	2007800	2009800	55.86	1.68	1.63	Duplication	57	2000	0.03	Structural variant	PMY3523
VNI_CP003820.1	2016400	2020000	62.19	1.88	1.78	Duplication	0	3600	0.0	Structural variant	PMY3523
VNI_CP003820.1	2017000	2019200	89.65	1.86	1.77	Duplication	0	2200	0.0	Structural variant	PMY3522
VNI_CP003820.1	2017100	2019000	125.77	1.91	1.77	Duplication	0	1900	0.0	Structural variant	PMY3521
VNI_CP003820.1	2034700	2035200	51.02	1.54	1.62	Duplication	0	500	0.0	Structural variant	PMY3523
VNI_CP003820.1	2039400	2041900	60.12	1.81	1.71	Duplication	144	2500	0.06	Structural variant	PMY3523
VNI_CP003820.1	2043700	2045300	61.91	1.87	1.71	Duplication	0	1600	0.0	Structural variant	PMY3523
VNI_CP003820.1	2043800	2044300	96.32	1.47	1.62	Duplication	0	500	0.0	Structural variant	PMY3521
VNI_CP003820.1	2043800	2044700	76.86	1.59	1.63	Duplication	0	900	0.0	Structural variant	PMY3522
VNI_CP003820.1	2047900	2051600	62.33	1.88	1.83	Duplication	0	3700	0.0	Structural variant	PMY3523
VNI_CP003820.1	2048200	2049600	109.75	1.67	1.63	Duplication	0	1400	0.0	Structural variant	PMY3521
VNI_CP003820.1	2048400	2050600	82.65	1.71	1.65	Duplication	0	2200	0.0	Structural variant	PMY3522
VNI_CP003820.1	2062000	2064100	57.34	1.73	1.72	Duplication	0	2100	0.0	Structural variant	PMY3523
VNI_CP003820.1	2062800	2063800	105.71	1.61	1.65	Duplication	0	1000	0.0	Structural variant	PMY3521
VNI_CP003820.1	2065900	2073100	55.3	1.67	1.67	Duplication	81	7200	0.01	Structural variant	PMY3523
VNI_CP003820.1	2069500	2069700	89.46	1.36	1.64	Duplication	0	200	0.0	Structural variant	PMY3521
VNI_CP003820.1	2073400	2074400	52.94	1.6	1.69	Duplication	0	1000	0.0	Structural variant	PMY3523
VNI_CP003820.1	2109100	2110400	55.68	1.68	1.63	Duplication	0	1300	0.0	Structural variant	PMY3523
VNI_CP003820.1	2133000	2135000	61.68	1.86	1.73	Duplication	374	2000	0.19	Structural variant	PMY3523
VNI_CP003820.1	2148500	2150200	57.41	1.73	1.68	Duplication	0	1700	0.0	Structural variant	PMY3523
VNI_CP003820.1	2164600	2166500	55.52	1.67	1.67	Duplication	31	1900	0.02	Structural variant	PMY3523
VNI_CP003820.1	2200000	2200300	46.37	1.4	1.62	Duplication	0	300	0.0	Structural variant	PMY3523
VNI_CP003820.1	2201000	2202100	51.76	1.56	1.64	Duplication	0	1100	0.0	Structural variant	PMY3523
VNI_CP003820.1	2207700	2209000	54.92	1.66	1.61	Duplication	0	1300	0.0	Structural variant	PMY3523
VNI_CP003820.1	2216800	2217200	49.46	1.49	1.63	Duplication	0	400	0.0	Structural variant	PMY3523
VNI_CP003820.1	2244300	2244800	47.94	1.45	1.62	Duplication	0	500	0.0	Structural variant	PMY3523
VNI_CP003820.1	2250600	2250900	49.63	1.5	1.62	Duplication	119	300	0.4	Structural variant	PMY3523
VNI_CP003820.1	2254100	2254300	42.21	1.27	1.64	Duplication	0	200	0.0	Structural variant	PMY3523
